<?xml version="1.0" encoding="UTF-8"?><idempiere Name="PAT_AccountInfoCockpit" Version="2020.11.02" idempiereVersion="" DataBaseVersion="" Description="" Author="" AuthorEmail="" CreatedDate="2020-11-02 10:37:50.986" UpdatedDate="2020-11-02 10:37:50.986" PackOutVersion="100" UpdateDictionary="false" Client="0-SYSTEM-System" AD_Client_UU="11237b53-9592-4af1-b3c5-afd216514b5d">
    <SQLStatement type="custom">
        <DBType>ALL</DBType>
        <statement>
            <![CDATA[/******************************************************************************
 * Plug-in AccountInfoCockpit for iDempiere ERP & CRM Smart Business Solution *
 * Copyright (C) 2017  Patric Maßing (Hans Auler GmbH)                        *
 *                                                                            *
 * This plug-in is free software; you can redistribute it and/or modify       *
 * it under the terms of the GNU General Public License as published by       *
 * the Free Software Foundation; either version 2 of the License, or          *
 * (at your option) any later version.                                        *
 *                                                                            *
 * This plug-in is distributed in the hope that it will be useful,            *
 * but WITHOUT ANY WARRANTY; without even the implied warranty of             *
 * MERCHANTABILITY or FITNESS FOR A PARTICULAR PURPOSE.  See the              *
 * GNU General Public License for more details.                               *
 *                                                                            *
 * You should have received a copy of the GNU General Public License along    *
 * with this plug-in; If not, see <http://www.gnu.org/licenses/>.              *
 *****************************************************************************/

/**
 * This View is a component to the Plugin AccountInfoCockpit
 * Plugin AccountInfoCockpit
 * 
 * @author Patric Maßing (Hans Auler GmbH)
 * 2017
 */
--drop view pat_facourse cascade;
create or replace view pat_facourse as

select 
       1 as row,
       fa.fact_acct_id,
       cl.name as clientname,
       org.name as orgname,       
       fa.account_id,
       ev.value as account_value, 
       ev.name as account_name, 
       fa.datetrx, 
       fa.dateacct, 
       COALESCE(fa.amtacctdr,0.00) as amtacctdr,
       COALESCE(fa.amtacctcr,0.00) as amtacctcr, 
       cast (0.00 as numeric) as current_balance, 
       pr.value as product_value,
       pr.description as product_description,
       proj.value as project_value,
       proj.description as project_description,
       bp.value as bpartner_value,
       bp.name as bpartner_description,       
       fa.description,
       sr.name as salesregion,
       tbl.tablename,
       fa.record_id,
       pr.m_product_id,
       bp.c_bpartner_id,
       sr.c_salesregion_id,
       proj.c_project_id,
       fa.c_acctschema_id,
       fa.ad_client_id,
       fa.c_period_id     
  from fact_acct fa

	left join ad_client cl on cl.ad_client_id = fa.ad_client_id
	left join ad_org org on org.ad_org_id = fa.ad_org_id
	left join c_elementvalue ev on ev.c_elementvalue_id = fa.account_id
        left join m_product pr on pr.m_product_id=fa.m_product_id
	left join c_project proj on proj.c_project_id=fa.c_project_id
	left join c_bpartner bp on bp.c_bpartner_id=fa.c_bpartner_id
	left join c_salesregion sr on sr.c_salesregion_id=fa.c_salesregion_id
	left join ad_table tbl on tbl.ad_table_id=fa.ad_table_id
  group by
	cl.name,
	org.name,
	fa.fact_acct_id,
	fa.account_id,
	ev.value,
	ev.name,
	pr.value,
	pr.description,
	proj.value,
	proj.description,
	bp.value,
	bp.name,
	sr.name,
	tbl.tablename,
    pr.m_product_id,
    bp.c_bpartner_id,
    sr.c_salesregion_id,
    proj.c_project_id,
    fa.c_acctschema_id   
  order by fa.account_id, fa.dateacct, fa.fact_acct_id;]]>
        </statement>
    </SQLStatement>
    <SQLStatement type="custom">
        <DBType>ALL</DBType>
        <statement>
            <![CDATA[CREATE OR REPLACE FUNCTION pat_accountcourse(accountfrom character varying, accountto character varying, datefrom date, dateto date, period_type character varying)
  RETURNS SETOF pat_facourse AS
$BODY$
/******************************************************************************
 * Plug-in AccountInfoCockpit for iDempiere ERP & CRM Smart Business Solution *
 * Copyright (C) 2017  Patric Maßing (Hans Auler GmbH)                        *
 *                                                                            *
 * This plug-in is free software; you can redistribute it and/or modify       *
 * it under the terms of the GNU General Public License as published by       *
 * the Free Software Foundation; either version 2 of the License, or          *
 * (at your option) any later version.                                        *
 *                                                                            *
 * This plug-in is distributed in the hope that it will be useful,            *
 * but WITHOUT ANY WARRANTY; without even the implied warranty of             *
 * MERCHANTABILITY or FITNESS FOR A PARTICULAR PURPOSE.  See the              *
 * GNU General Public License for more details.                               *
 *                                                                            *
 * You should have received a copy of the GNU General Public License along    *
 * with this plug-in; If not, see <http://www.gnu.org/licenses/>.              *
 *****************************************************************************/
/**
 * This Function is a component to the Plugin AccountInfoCockpit
 * Plugin AccountInfoCockpit
 * 
 * @author Patric Maßing (Hans Auler GmbH)
 * 2017
 */
declare
 entrys pat_FaCourse%ROWTYPE; 
 ent RECORD;
 seq INTEGER;
 sum_AmtAcctdr NUMERIC;
 sum_AmtAcctcr NUMERIC;
 balance NUMERIC;
 currentBalance NUMERIC;
 count NUMERIC;
BEGIN
    seq=0;
    sum_AmtAcctdr := 0;
    sum_AmtAcctcr := 0;
    balance := 0;
    currentBalance := 0;
    count := 0;
    SELECT INTO currentBalance COALESCE(sum(amtacctdr),0.00) - COALESCE(sum(amtacctcr),0.00) from  pat_facourse fac 
                    
    				left join c_period p on p.c_period_id = fac.c_period_id and p.ad_client_id = fac.ad_client_id
    				where account_value=accountfrom 
    						and account_value=accountto 
    						and dateacct<datefrom
    						and p.periodtype like period_type;
    SELECT INTO count count(fact_acct_id) from  pat_facourse fac 
    				left join c_period p on p.c_period_id = fac.c_period_id and p.ad_client_id = fac.ad_client_id
    				where account_value=accountfrom 
                    		and account_value=accountto 
                    		and dateacct>=datefrom 
                    		and dateacct<=dateto
    						and p.periodtype like period_type;
    IF (count > 0) OR (currentBalance > 0) THEN
      entrys.current_balance:= currentBalance;
      entrys.account_value := COALESCE(accountfrom,'');
      entrys.row := count;
      
      return next entrys; 
    END IF;
    FOR entrys IN SELECT * FROM  pat_facourse fac 
    
    				left join c_period p on p.c_period_id = fac.c_period_id and p.ad_client_id = fac.ad_client_id

    				where account_value=accountfrom 
                    		and account_value=accountto 
                    		and dateacct>=datefrom 
                    		and dateacct<=dateto
     						and p.periodtype like period_type
                   
                    order by fac.account_id, fac.dateacct, fac.fact_acct_id
    loop
        seq=seq+1;
        entrys.row:=seq;
        balance := COALESCE(entrys.amtacctdr,0.00) - COALESCE(entrys.amtacctcr,0.00);
        currentBalance := currentBalance + balance;
        entrys.current_balance:= ROUND(currentBalance,2);
        entrys.account_value := COALESCE(accountfrom,'');
        return next entrys; 
    END LOOP;  
END;
$BODY$
  LANGUAGE plpgsql VOLATILE
  COST 100
  ROWS 1000;]]>
        </statement>
    </SQLStatement>
    <SQLStatement type="custom">
        <DBType>ALL</DBType>
        <statement>
            <![CDATA[create or replace function pat_accountsoverview(pdatefrom date, pdateto date)
returns setof pat_facourse as
$BODY$
/******************************************************************************
 * Plug-in AccountInfoCockpit for iDempiere ERP & CRM Smart Business Solution *
 * Copyright (C) 2017  Patric Maßing (Hans Auler GmbH)                        *
 *                                                                            *
 * This plug-in is free software; you can redistribute it and/or modify       *
 * it under the terms of the GNU General Public License as published by       *
 * the Free Software Foundation; either version 2 of the License, or          *
 * (at your option) any later version.                                        *
 *                                                                            *
 * This plug-in is distributed in the hope that it will be useful,            *
 * but WITHOUT ANY WARRANTY; without even the implied warranty of             *
 * MERCHANTABILITY or FITNESS FOR A PARTICULAR PURPOSE.  See the              *
 * GNU General Public License for more details.                               *
 *                                                                            *
 * You should have received a copy of the GNU General Public License along    *
 * with this plug-in; If not, see <http://www.gnu.org/licenses/>.              *
 *****************************************************************************/
/**
 * This Function is a component to the Plugin AccountInfoCockpit
 * Plugin AccountInfoCockpit
 * 
 * @author Patric Maßing (Hans Auler GmbH)
 * 2017
 */
declare
 entrys pat_facourse%ROWTYPE; 
 accountvalue varchar;
 balance_carried_forward numeric; 
 debit numeric;
 credit numeric;
 balance numeric;
 end_balance numeric;
 accountval varchar;
BEGIN
	FOR accountval IN select value from c_elementvalue loop
   
     entrys.account_value := accountval;
    
     SELECT INTO entrys.amtacctdr COALESCE(sum(pfa.amtacctdr),0.00) FROM pat_facourse pfa
       WHERE pfa.dateacct>=pdatefrom AND pfa.dateacct<=pdateto AND pfa.account_value=accountval;

     SELECT INTO entrys.amtacctcr COALESCE(sum(pfa.amtacctcr),0.00) FROM pat_facourse pfa
       WHERE pfa.dateacct>=pdatefrom AND pfa.dateacct<=pdateto AND pfa.account_value=accountval;
                
     SELECT INTO entrys.current_balance (COALESCE(sum(pfa.amtacctdr),0.00)- COALESCE(sum(pfa.amtacctcr),0.00)) FROM pat_facourse pfa
       WHERE pfa.dateacct>=pdatefrom AND pfa.dateacct<=pdateto AND pfa.account_value=accountval;

       return next entrys;

  END LOOP;
  
END;

$BODY$
  LANGUAGE plpgsql VOLATILE
  COST 100;]]>
        </statement>
    </SQLStatement>
    <SQLStatement type="custom">
        <DBType>ALL</DBType>
        <statement>
            <![CDATA[create or replace function pat_balanceofaccountslist(pdatefrom date, pdateto date)
returns setof pat_facourse as
$BODY$
/******************************************************************************
 * Plug-in AccountInfoCockpit for iDempiere ERP & CRM Smart Business Solution *
 * Copyright (C) 2017  Patric Maßing (Hans Auler GmbH)                        *
 *                                                                            *
 * This plug-in is free software; you can redistribute it and/or modify       *
 * it under the terms of the GNU General Public License as published by       *
 * the Free Software Foundation; either version 2 of the License, or          *
 * (at your option) any later version.                                        *
 *                                                                            *
 * This plug-in is distributed in the hope that it will be useful,            *
 * but WITHOUT ANY WARRANTY; without even the implied warranty of             *
 * MERCHANTABILITY or FITNESS FOR A PARTICULAR PURPOSE.  See the              *
 * GNU General Public License for more details.                               *
 *                                                                            *
 * You should have received a copy of the GNU General Public License along    *
 * with this plug-in; If not, see <http://www.gnu.org/licenses/>.              *
 *****************************************************************************/

/**
 * This Function is a component to the Plugin AccountInfoCockpit
 * Plugin AccountInfoCockpit
 * 
 * @author Patric Maßing (Hans Auler GmbH)
 * 2017
 */


declare

 entrys pat_facourse%ROWTYPE; 
 accountvalue varchar;
 balance_carried_forward numeric; 
 debit numeric;
 credit numeric;
 balance numeric;
 end_balance numeric;
 accountval varchar;

BEGIN

	FOR accountval IN select value from c_elementvalue loop
   
     entrys.account_value := accountval;
    
     --SELECT INTO entrys.balance_carried_forward (COALESCE(sum(pfa.amtacctdr),0.00)- COALESCE(sum(pfa.amtacctcr),0.00)) FROM pat_facourse pfa
       --WHERE pfa.dateacct<pdatefrom AND pfa.account_value=accountval;

     SELECT INTO entrys.amtacctdr COALESCE(sum(pfa.amtacctdr),0.00) FROM pat_facourse pfa
       WHERE pfa.dateacct>=pdatefrom AND pfa.dateacct<=pdateto AND pfa.account_value=accountval;

     SELECT INTO entrys.amtacctcr COALESCE(sum(pfa.amtacctcr),0.00) FROM pat_facourse pfa
       WHERE pfa.dateacct>=pdatefrom AND pfa.dateacct<=pdateto AND pfa.account_value=accountval;
                
     SELECT INTO entrys.current_balance (COALESCE(sum(pfa.amtacctdr),0.00)- COALESCE(sum(pfa.amtacctcr),0.00)) FROM pat_facourse pfa
       WHERE pfa.dateacct>=pdatefrom AND pfa.dateacct<=pdateto AND pfa.account_value=accountval;

     --SELECT INTO entrys.end_balance (COALESCE(sum(pfa.amtacctdr),0.00)- COALESCE(sum(pfa.amtacctcr),0.00)) FROM pat_facourse pfa
       --WHERE pfa.dateacct<=pdateto AND pfa.account_value=accountval;

     return next entrys;

  END LOOP;
  
END;

$BODY$
  LANGUAGE plpgsql VOLATILE
  COST 100;]]>
        </statement>
    </SQLStatement>
    <AD_Package_Exp type="table">
        <AD_Client_ID>0</AD_Client_ID>
        <AD_Org_ID>0</AD_Org_ID>
        <AD_Package_Type>X</AD_Package_Type>
        <EMail/>
        <Instructions/>
        <Name>PAT_AccountInfoCockpit</Name>
        <Processed>N</Processed>
        <ReleaseNo/>
        <Version/>
        <UserName/>
        <Processing>N</Processing>
        <PK_Version>2020.11.02</PK_Version>
        <IsActive>Y</IsActive>
        <File_Directory/>
        <Description/>
        <AD_Package_Exp_UU>4964b8ad-6485-4301-bcfd-e00053863d98</AD_Package_Exp_UU>
        <DateFrom/>
        <IsExportDictionaryEntity>N</IsExportDictionaryEntity>
        <AD_Package_Exp_Detail type="table">
            <AD_Client_ID>0</AD_Client_ID>
            <AD_Org_ID>0</AD_Org_ID>
            <AD_Form_ID reference="id"/>
            <AD_ImpFormat_ID reference="id"/>
            <AD_Menu_ID reference="id"/>
            <AD_Process_ID reference="id"/>
            <AD_Role_ID reference="id">0</AD_Role_ID>
            <AD_Window_ID reference="id"/>
            <AD_Workflow_ID reference="id"/>
            <IsActive>Y</IsActive>
            <File_Directory/>
            <FileName/>
            <Destination_FileName/>
            <Destination_Directory/>
            <Description/>
            <DBType>ALL</DBType>
            <Type>SQL</Type>
            <Target_Directory/>
            <SQLStatement>/******************************************************************************
 * Plug-in AccountInfoCockpit for iDempiere ERP &amp; CRM Smart Business Solution *
 * Copyright (C) 2017  Patric Maßing (Hans Auler GmbH)                        *
 *                                                                            *
 * This plug-in is free software; you can redistribute it and/or modify       *
 * it under the terms of the GNU General Public License as published by       *
 * the Free Software Foundation; either version 2 of the License, or          *
 * (at your option) any later version.                                        *
 *                                                                            *
 * This plug-in is distributed in the hope that it will be useful,            *
 * but WITHOUT ANY WARRANTY; without even the implied warranty of             *
 * MERCHANTABILITY or FITNESS FOR A PARTICULAR PURPOSE.  See the              *
 * GNU General Public License for more details.                               *
 *                                                                            *
 * You should have received a copy of the GNU General Public License along    *
 * with this plug-in; If not, see &lt;http://www.gnu.org/licenses/&gt;.              *
 *****************************************************************************/

/**
 * This View is a component to the Plugin AccountInfoCockpit
 * Plugin AccountInfoCockpit
 * 
 * @author Patric Maßing (Hans Auler GmbH)
 * 2017
 */
--drop view pat_facourse cascade;
create or replace view pat_facourse as

select 
       1 as row,
       fa.fact_acct_id,
       cl.name as clientname,
       org.name as orgname,       
       fa.account_id,
       ev.value as account_value, 
       ev.name as account_name, 
       fa.datetrx, 
       fa.dateacct, 
       COALESCE(fa.amtacctdr,0.00) as amtacctdr,
       COALESCE(fa.amtacctcr,0.00) as amtacctcr, 
       cast (0.00 as numeric) as current_balance, 
       pr.value as product_value,
       pr.description as product_description,
       proj.value as project_value,
       proj.description as project_description,
       bp.value as bpartner_value,
       bp.name as bpartner_description,       
       fa.description,
       sr.name as salesregion,
       tbl.tablename,
       fa.record_id,
       pr.m_product_id,
       bp.c_bpartner_id,
       sr.c_salesregion_id,
       proj.c_project_id,
       fa.c_acctschema_id,
       fa.ad_client_id,
       fa.c_period_id     
  from fact_acct fa

	left join ad_client cl on cl.ad_client_id = fa.ad_client_id
	left join ad_org org on org.ad_org_id = fa.ad_org_id
	left join c_elementvalue ev on ev.c_elementvalue_id = fa.account_id
        left join m_product pr on pr.m_product_id=fa.m_product_id
	left join c_project proj on proj.c_project_id=fa.c_project_id
	left join c_bpartner bp on bp.c_bpartner_id=fa.c_bpartner_id
	left join c_salesregion sr on sr.c_salesregion_id=fa.c_salesregion_id
	left join ad_table tbl on tbl.ad_table_id=fa.ad_table_id
  group by
	cl.name,
	org.name,
	fa.fact_acct_id,
	fa.account_id,
	ev.value,
	ev.name,
	pr.value,
	pr.description,
	proj.value,
	proj.description,
	bp.value,
	bp.name,
	sr.name,
	tbl.tablename,
    pr.m_product_id,
    bp.c_bpartner_id,
    sr.c_salesregion_id,
    proj.c_project_id,
    fa.c_acctschema_id   
  order by fa.account_id, fa.dateacct, fa.fact_acct_id;</SQLStatement>
            <ReleaseNo/>
            <Processing>N</Processing>
            <Processed>N</Processed>
            <Name2/>
            <Line>10</Line>
            <AD_Workbench_ID reference="id"/>
            <AD_Table_ID reference="id"/>
            <AD_ReportView_ID reference="id"/>
            <AD_Package_Exp_ID reference="uuid" reference-key="AD_Package_Exp">4964b8ad-6485-4301-bcfd-e00053863d98</AD_Package_Exp_ID>
            <AD_Package_Code_New/>
            <AD_Package_Code_Old/>
            <AD_Val_Rule_ID reference="id"/>
            <AD_Message_ID reference="id"/>
            <AD_PrintFormat_ID reference="id"/>
            <AD_Reference_ID reference="id"/>
            <AD_ModelValidator_ID reference="id"/>
            <AD_EntityType_ID reference="id"/>
            <AD_Package_Exp_Detail_UU>bfad486c-5ca7-4d33-9cf4-6e77475f9b20</AD_Package_Exp_Detail_UU>
            <AD_InfoWindow_ID reference="id">200000</AD_InfoWindow_ID>
        </AD_Package_Exp_Detail>
        <AD_Package_Exp_Detail type="table">
            <AD_Client_ID>0</AD_Client_ID>
            <AD_Org_ID>0</AD_Org_ID>
            <AD_Form_ID reference="id"/>
            <AD_ImpFormat_ID reference="id"/>
            <AD_Menu_ID reference="id"/>
            <AD_Process_ID reference="id"/>
            <AD_Role_ID reference="id">0</AD_Role_ID>
            <AD_Window_ID reference="id"/>
            <AD_Workflow_ID reference="id"/>
            <IsActive>Y</IsActive>
            <File_Directory/>
            <FileName/>
            <Destination_FileName/>
            <Destination_Directory/>
            <Description/>
            <DBType>ALL</DBType>
            <Type>SQL</Type>
            <Target_Directory/>
            <SQLStatement>CREATE OR REPLACE FUNCTION pat_accountcourse(accountfrom character varying, accountto character varying, datefrom date, dateto date, period_type character varying)
  RETURNS SETOF pat_facourse AS
$BODY$
/******************************************************************************
 * Plug-in AccountInfoCockpit for iDempiere ERP &amp; CRM Smart Business Solution *
 * Copyright (C) 2017  Patric Maßing (Hans Auler GmbH)                        *
 *                                                                            *
 * This plug-in is free software; you can redistribute it and/or modify       *
 * it under the terms of the GNU General Public License as published by       *
 * the Free Software Foundation; either version 2 of the License, or          *
 * (at your option) any later version.                                        *
 *                                                                            *
 * This plug-in is distributed in the hope that it will be useful,            *
 * but WITHOUT ANY WARRANTY; without even the implied warranty of             *
 * MERCHANTABILITY or FITNESS FOR A PARTICULAR PURPOSE.  See the              *
 * GNU General Public License for more details.                               *
 *                                                                            *
 * You should have received a copy of the GNU General Public License along    *
 * with this plug-in; If not, see &lt;http://www.gnu.org/licenses/&gt;.              *
 *****************************************************************************/
/**
 * This Function is a component to the Plugin AccountInfoCockpit
 * Plugin AccountInfoCockpit
 * 
 * @author Patric Maßing (Hans Auler GmbH)
 * 2017
 */
declare
 entrys pat_FaCourse%ROWTYPE; 
 ent RECORD;
 seq INTEGER;
 sum_AmtAcctdr NUMERIC;
 sum_AmtAcctcr NUMERIC;
 balance NUMERIC;
 currentBalance NUMERIC;
 count NUMERIC;
BEGIN
    seq=0;
    sum_AmtAcctdr := 0;
    sum_AmtAcctcr := 0;
    balance := 0;
    currentBalance := 0;
    count := 0;
    SELECT INTO currentBalance COALESCE(sum(amtacctdr),0.00) - COALESCE(sum(amtacctcr),0.00) from  pat_facourse fac 
                    
    				left join c_period p on p.c_period_id = fac.c_period_id and p.ad_client_id = fac.ad_client_id
    				where account_value=accountfrom 
    						and account_value=accountto 
    						and dateacct&lt;datefrom
    						and p.periodtype like period_type;
    SELECT INTO count count(fact_acct_id) from  pat_facourse fac 
    				left join c_period p on p.c_period_id = fac.c_period_id and p.ad_client_id = fac.ad_client_id
    				where account_value=accountfrom 
                    		and account_value=accountto 
                    		and dateacct&gt;=datefrom 
                    		and dateacct&lt;=dateto
    						and p.periodtype like period_type;
    IF (count &gt; 0) OR (currentBalance &gt; 0) THEN
      entrys.current_balance:= currentBalance;
      entrys.account_value := COALESCE(accountfrom,'');
      entrys.row := count;
      
      return next entrys; 
    END IF;
    FOR entrys IN SELECT * FROM  pat_facourse fac 
    
    				left join c_period p on p.c_period_id = fac.c_period_id and p.ad_client_id = fac.ad_client_id

    				where account_value=accountfrom 
                    		and account_value=accountto 
                    		and dateacct&gt;=datefrom 
                    		and dateacct&lt;=dateto
     						and p.periodtype like period_type
                   
                    order by fac.account_id, fac.dateacct, fac.fact_acct_id
    loop
        seq=seq+1;
        entrys.row:=seq;
        balance := COALESCE(entrys.amtacctdr,0.00) - COALESCE(entrys.amtacctcr,0.00);
        currentBalance := currentBalance + balance;
        entrys.current_balance:= ROUND(currentBalance,2);
        entrys.account_value := COALESCE(accountfrom,'');
        return next entrys; 
    END LOOP;  
END;
$BODY$
  LANGUAGE plpgsql VOLATILE
  COST 100
  ROWS 1000;</SQLStatement>
            <ReleaseNo/>
            <Processing>N</Processing>
            <Processed>N</Processed>
            <Name2/>
            <Line>20</Line>
            <AD_Workbench_ID reference="id"/>
            <AD_Table_ID reference="id"/>
            <AD_ReportView_ID reference="id"/>
            <AD_Package_Exp_ID reference="uuid" reference-key="AD_Package_Exp">4964b8ad-6485-4301-bcfd-e00053863d98</AD_Package_Exp_ID>
            <AD_Package_Code_New/>
            <AD_Package_Code_Old/>
            <AD_Val_Rule_ID reference="id"/>
            <AD_Message_ID reference="id"/>
            <AD_PrintFormat_ID reference="id"/>
            <AD_Reference_ID reference="id"/>
            <AD_ModelValidator_ID reference="id"/>
            <AD_EntityType_ID reference="id"/>
            <AD_Package_Exp_Detail_UU>ae8b0d52-bd85-4658-ae42-66a3beccd2a4</AD_Package_Exp_Detail_UU>
            <AD_InfoWindow_ID reference="id">200000</AD_InfoWindow_ID>
        </AD_Package_Exp_Detail>
        <AD_Package_Exp_Detail type="table">
            <AD_Client_ID>0</AD_Client_ID>
            <AD_Org_ID>0</AD_Org_ID>
            <AD_Form_ID reference="id"/>
            <AD_ImpFormat_ID reference="id"/>
            <AD_Menu_ID reference="id"/>
            <AD_Process_ID reference="id"/>
            <AD_Role_ID reference="id">0</AD_Role_ID>
            <AD_Window_ID reference="id"/>
            <AD_Workflow_ID reference="id"/>
            <IsActive>Y</IsActive>
            <File_Directory/>
            <FileName/>
            <Destination_FileName/>
            <Destination_Directory/>
            <Description/>
            <DBType>ALL</DBType>
            <Type>SQL</Type>
            <Target_Directory/>
            <SQLStatement>create or replace function pat_accountsoverview(pdatefrom date, pdateto date)
returns setof pat_facourse as
$BODY$
/******************************************************************************
 * Plug-in AccountInfoCockpit for iDempiere ERP &amp; CRM Smart Business Solution *
 * Copyright (C) 2017  Patric Maßing (Hans Auler GmbH)                        *
 *                                                                            *
 * This plug-in is free software; you can redistribute it and/or modify       *
 * it under the terms of the GNU General Public License as published by       *
 * the Free Software Foundation; either version 2 of the License, or          *
 * (at your option) any later version.                                        *
 *                                                                            *
 * This plug-in is distributed in the hope that it will be useful,            *
 * but WITHOUT ANY WARRANTY; without even the implied warranty of             *
 * MERCHANTABILITY or FITNESS FOR A PARTICULAR PURPOSE.  See the              *
 * GNU General Public License for more details.                               *
 *                                                                            *
 * You should have received a copy of the GNU General Public License along    *
 * with this plug-in; If not, see &lt;http://www.gnu.org/licenses/&gt;.              *
 *****************************************************************************/
/**
 * This Function is a component to the Plugin AccountInfoCockpit
 * Plugin AccountInfoCockpit
 * 
 * @author Patric Maßing (Hans Auler GmbH)
 * 2017
 */
declare
 entrys pat_facourse%ROWTYPE; 
 accountvalue varchar;
 balance_carried_forward numeric; 
 debit numeric;
 credit numeric;
 balance numeric;
 end_balance numeric;
 accountval varchar;
BEGIN
	FOR accountval IN select value from c_elementvalue loop
   
     entrys.account_value := accountval;
    
     SELECT INTO entrys.amtacctdr COALESCE(sum(pfa.amtacctdr),0.00) FROM pat_facourse pfa
       WHERE pfa.dateacct&gt;=pdatefrom AND pfa.dateacct&lt;=pdateto AND pfa.account_value=accountval;

     SELECT INTO entrys.amtacctcr COALESCE(sum(pfa.amtacctcr),0.00) FROM pat_facourse pfa
       WHERE pfa.dateacct&gt;=pdatefrom AND pfa.dateacct&lt;=pdateto AND pfa.account_value=accountval;
                
     SELECT INTO entrys.current_balance (COALESCE(sum(pfa.amtacctdr),0.00)- COALESCE(sum(pfa.amtacctcr),0.00)) FROM pat_facourse pfa
       WHERE pfa.dateacct&gt;=pdatefrom AND pfa.dateacct&lt;=pdateto AND pfa.account_value=accountval;

       return next entrys;

  END LOOP;
  
END;

$BODY$
  LANGUAGE plpgsql VOLATILE
  COST 100;</SQLStatement>
            <ReleaseNo/>
            <Processing>N</Processing>
            <Processed>N</Processed>
            <Name2/>
            <Line>30</Line>
            <AD_Workbench_ID reference="id"/>
            <AD_Table_ID reference="id"/>
            <AD_ReportView_ID reference="id"/>
            <AD_Package_Exp_ID reference="uuid" reference-key="AD_Package_Exp">4964b8ad-6485-4301-bcfd-e00053863d98</AD_Package_Exp_ID>
            <AD_Package_Code_New/>
            <AD_Package_Code_Old/>
            <AD_Val_Rule_ID reference="id"/>
            <AD_Message_ID reference="id"/>
            <AD_PrintFormat_ID reference="id"/>
            <AD_Reference_ID reference="id"/>
            <AD_ModelValidator_ID reference="id"/>
            <AD_EntityType_ID reference="id"/>
            <AD_Package_Exp_Detail_UU>6e165ea5-8798-46e0-a8f8-cf8c911801b9</AD_Package_Exp_Detail_UU>
            <AD_InfoWindow_ID reference="id">200000</AD_InfoWindow_ID>
        </AD_Package_Exp_Detail>
        <AD_Package_Exp_Detail type="table">
            <AD_Client_ID>0</AD_Client_ID>
            <AD_Org_ID>0</AD_Org_ID>
            <AD_Form_ID reference="id"/>
            <AD_ImpFormat_ID reference="id"/>
            <AD_Menu_ID reference="id"/>
            <AD_Process_ID reference="id"/>
            <AD_Role_ID reference="id">0</AD_Role_ID>
            <AD_Window_ID reference="id"/>
            <AD_Workflow_ID reference="id"/>
            <IsActive>Y</IsActive>
            <File_Directory/>
            <FileName/>
            <Destination_FileName/>
            <Destination_Directory/>
            <Description/>
            <DBType>ALL</DBType>
            <Type>SQL</Type>
            <Target_Directory/>
            <SQLStatement>create or replace function pat_balanceofaccountslist(pdatefrom date, pdateto date)
returns setof pat_facourse as
$BODY$
/******************************************************************************
 * Plug-in AccountInfoCockpit for iDempiere ERP &amp; CRM Smart Business Solution *
 * Copyright (C) 2017  Patric Maßing (Hans Auler GmbH)                        *
 *                                                                            *
 * This plug-in is free software; you can redistribute it and/or modify       *
 * it under the terms of the GNU General Public License as published by       *
 * the Free Software Foundation; either version 2 of the License, or          *
 * (at your option) any later version.                                        *
 *                                                                            *
 * This plug-in is distributed in the hope that it will be useful,            *
 * but WITHOUT ANY WARRANTY; without even the implied warranty of             *
 * MERCHANTABILITY or FITNESS FOR A PARTICULAR PURPOSE.  See the              *
 * GNU General Public License for more details.                               *
 *                                                                            *
 * You should have received a copy of the GNU General Public License along    *
 * with this plug-in; If not, see &lt;http://www.gnu.org/licenses/&gt;.              *
 *****************************************************************************/

/**
 * This Function is a component to the Plugin AccountInfoCockpit
 * Plugin AccountInfoCockpit
 * 
 * @author Patric Maßing (Hans Auler GmbH)
 * 2017
 */


declare

 entrys pat_facourse%ROWTYPE; 
 accountvalue varchar;
 balance_carried_forward numeric; 
 debit numeric;
 credit numeric;
 balance numeric;
 end_balance numeric;
 accountval varchar;

BEGIN

	FOR accountval IN select value from c_elementvalue loop
   
     entrys.account_value := accountval;
    
     --SELECT INTO entrys.balance_carried_forward (COALESCE(sum(pfa.amtacctdr),0.00)- COALESCE(sum(pfa.amtacctcr),0.00)) FROM pat_facourse pfa
       --WHERE pfa.dateacct&lt;pdatefrom AND pfa.account_value=accountval;

     SELECT INTO entrys.amtacctdr COALESCE(sum(pfa.amtacctdr),0.00) FROM pat_facourse pfa
       WHERE pfa.dateacct&gt;=pdatefrom AND pfa.dateacct&lt;=pdateto AND pfa.account_value=accountval;

     SELECT INTO entrys.amtacctcr COALESCE(sum(pfa.amtacctcr),0.00) FROM pat_facourse pfa
       WHERE pfa.dateacct&gt;=pdatefrom AND pfa.dateacct&lt;=pdateto AND pfa.account_value=accountval;
                
     SELECT INTO entrys.current_balance (COALESCE(sum(pfa.amtacctdr),0.00)- COALESCE(sum(pfa.amtacctcr),0.00)) FROM pat_facourse pfa
       WHERE pfa.dateacct&gt;=pdatefrom AND pfa.dateacct&lt;=pdateto AND pfa.account_value=accountval;

     --SELECT INTO entrys.end_balance (COALESCE(sum(pfa.amtacctdr),0.00)- COALESCE(sum(pfa.amtacctcr),0.00)) FROM pat_facourse pfa
       --WHERE pfa.dateacct&lt;=pdateto AND pfa.account_value=accountval;

     return next entrys;

  END LOOP;
  
END;

$BODY$
  LANGUAGE plpgsql VOLATILE
  COST 100;</SQLStatement>
            <ReleaseNo/>
            <Processing>N</Processing>
            <Processed>N</Processed>
            <Name2/>
            <Line>40</Line>
            <AD_Workbench_ID reference="id"/>
            <AD_Table_ID reference="id"/>
            <AD_ReportView_ID reference="id"/>
            <AD_Package_Exp_ID reference="uuid" reference-key="AD_Package_Exp">4964b8ad-6485-4301-bcfd-e00053863d98</AD_Package_Exp_ID>
            <AD_Package_Code_New/>
            <AD_Package_Code_Old/>
            <AD_Val_Rule_ID reference="id"/>
            <AD_Message_ID reference="id"/>
            <AD_PrintFormat_ID reference="id"/>
            <AD_Reference_ID reference="id"/>
            <AD_ModelValidator_ID reference="id"/>
            <AD_EntityType_ID reference="id"/>
            <AD_Package_Exp_Detail_UU>fb34731d-cc13-4945-a71a-b328a542fbc4</AD_Package_Exp_Detail_UU>
            <AD_InfoWindow_ID reference="id">200000</AD_InfoWindow_ID>
        </AD_Package_Exp_Detail>
        <AD_Package_Exp_Detail type="table">
            <AD_Client_ID>0</AD_Client_ID>
            <AD_Org_ID>0</AD_Org_ID>
            <AD_Form_ID reference="id"/>
            <AD_ImpFormat_ID reference="id"/>
            <AD_Menu_ID reference="id"/>
            <AD_Process_ID reference="id"/>
            <AD_Role_ID reference="id">0</AD_Role_ID>
            <AD_Window_ID reference="id"/>
            <AD_Workflow_ID reference="id"/>
            <IsActive>Y</IsActive>
            <File_Directory/>
            <FileName/>
            <Destination_FileName/>
            <Destination_Directory/>
            <Description/>
            <DBType>ALL</DBType>
            <Type>D</Type>
            <Target_Directory/>
            <SQLStatement>SELECT * FROM AD_Package_Exp WHERE AD_Package_Exp_UU='4964b8ad-6485-4301-bcfd-e00053863d98';AD_Package_Exp_Detail</SQLStatement>
            <ReleaseNo/>
            <Processing>N</Processing>
            <Processed>N</Processed>
            <Name2/>
            <Line>100</Line>
            <AD_Workbench_ID reference="id"/>
            <AD_Table_ID reference="id">50005</AD_Table_ID>
            <AD_ReportView_ID reference="id"/>
            <AD_Package_Exp_ID reference="uuid" reference-key="AD_Package_Exp">4964b8ad-6485-4301-bcfd-e00053863d98</AD_Package_Exp_ID>
            <AD_Package_Code_New/>
            <AD_Package_Code_Old/>
            <AD_Val_Rule_ID reference="id"/>
            <AD_Message_ID reference="id"/>
            <AD_PrintFormat_ID reference="id"/>
            <AD_Reference_ID reference="id"/>
            <AD_ModelValidator_ID reference="id"/>
            <AD_EntityType_ID reference="id"/>
            <AD_Package_Exp_Detail_UU>f58a18ff-bfd9-4dfd-a4a1-1ffd66e7e347</AD_Package_Exp_Detail_UU>
            <AD_InfoWindow_ID reference="id">200000</AD_InfoWindow_ID>
        </AD_Package_Exp_Detail>
    </AD_Package_Exp>
</idempiere>
